time,"ADC0","ADC1"
"2018-09-24 12:18:44.394655",1332,1339,
"2018-09-24 12:19:47.569235",1332,1339,
"2018-09-24 12:20:56.378408",1332,1339,
"2018-09-24 12:25:56.418944",1333,1339,
"2018-09-24 12:30:56.479082",1333,1339,
"2018-09-24 12:35:56.496859",1333,1339,
"2018-09-24 12:40:56.585869",1333,1339,
"2018-09-24 12:45:56.662703",1333,1339,
"2018-09-24 12:50:56.733072",1333,1339,
"2018-09-24 12:55:56.840571",1333,1339,
"2018-09-24 13:00:56.939383",1333,1339,
"2018-09-24 13:05:55.992811",1333,1339,
"2018-09-24 13:10:56.050292",1333,1339,
"2018-09-24 13:15:56.112865",1333,1339,
"2018-09-24 13:20:56.272185",1333,1339,
"2018-09-24 13:25:56.350398",1333,1339,
"2018-09-24 13:30:56.405198",1333,1339,
"2018-09-24 13:35:56.495888",1333,1339,
"2018-09-24 13:40:56.556433",1333,1339,
"2018-09-24 13:45:56.637772",1333,1339,
"2018-09-24 13:50:56.717859",1333,1339,
"2018-09-24 13:55:56.860154",1333,1339,
"2018-09-24 14:00:56.995471",1333,1339,
"2018-09-24 14:05:56.076579",1333,1339,
"2018-09-24 14:10:56.131030",1333,1339,
"2018-09-24 14:15:56.254345",1333,1339,
"2018-09-24 14:20:56.465212",1333,1340,
"2018-09-24 14:25:56.567639",1333,1340,
"2018-09-24 14:30:56.601729",1333,1340,
"2018-09-24 14:35:56.680245",1334,1340,
"2018-09-24 14:40:56.752788",1334,1340,
"2018-09-24 14:45:56.798738",1334,1340,
"2018-09-24 14:50:56.834813",1334,1340,
"2018-09-24 14:55:56.925680",1334,1340,
"2018-09-24 15:00:56.006779",1334,1340,
"2018-09-24 15:05:56.118129",1334,1340,
"2018-09-24 15:10:56.174265",1334,1340,
"2018-09-24 15:15:56.240351",1334,1340,
"2018-09-24 15:20:56.473149",1334,1340,
"2018-09-24 15:25:56.538733",1334,1340,
"2018-09-24 15:30:56.590170",1335,1341,
"2018-09-24 15:35:56.648080",1334,1340,
"2018-09-24 15:40:56.726863",1334,1340,
"2018-09-24 15:45:56.786354",1334,1340,
"2018-09-24 15:50:56.858815",1334,1340,
"2018-09-24 15:55:56.954321",1334,1340,
"2018-09-24 16:00:56.060478",1334,1340,
"2018-09-24 16:05:56.128015",1334,1341,
"2018-09-24 16:10:56.191593",1334,1341,
"2018-09-24 16:15:56.260198",1334,1341,
"2018-09-24 16:20:56.486355",1334,1341,
"2018-09-24 16:25:56.568061",1335,1341,
"2018-09-24 16:30:56.652991",1335,1341,
"2018-09-24 16:35:56.690431",1335,1341,
"2018-09-24 16:40:56.761786",1335,1341,
"2018-09-24 16:45:56.859425",1335,1341,
"2018-09-24 16:50:56.937820",1335,1341,
"2018-09-24 16:55:56.006404",1335,1341,
"2018-09-24 17:00:56.092995",1335,1341,
"2018-09-24 17:05:56.124659",1335,1341,
"2018-09-24 17:10:56.172411",1335,1341,
"2018-09-24 17:15:56.276930",1335,1341,
"2018-09-24 17:20:56.490377",1335,1341,
"2018-09-24 17:25:56.592336",1335,1341,
"2018-09-24 17:30:56.623246",1335,1341,
"2018-09-24 17:35:56.732061",1335,1341,
"2018-09-24 17:40:56.798930",1335,1341,
"2018-09-24 17:45:56.824768",1335,1341,
"2018-09-24 17:50:56.921829",1335,1341,
"2018-09-24 17:55:56.028266",1335,1341,
"2018-09-24 18:00:56.101717",1335,1341,
"2018-09-24 18:05:56.143277",1335,1341,
"2018-09-24 18:10:56.208963",1335,1341,
"2018-09-24 18:15:56.328215",1335,1341,
"2018-09-24 18:20:56.552891",1335,1341,
"2018-09-24 18:25:56.598755",1335,1341,
"2018-09-24 18:30:56.627759",1335,1341,
"2018-09-24 18:35:56.689025",1335,1341,
"2018-09-24 18:40:56.744343",1335,1341,
"2018-09-24 18:45:56.784093",1335,1341,
"2018-09-24 18:50:56.840338",1335,1341,
"2018-09-24 18:55:56.916201",1335,1341,
"2018-09-24 19:00:56.096894",1335,1341,
"2018-09-24 19:05:56.121830",1335,1341,
"2018-09-24 19:10:56.202093",1335,1341,
"2018-09-24 19:15:56.264204",1335,1341,
"2018-09-24 19:20:56.458880",1335,1341,
"2018-09-24 19:25:56.530053",1335,1341,
"2018-09-24 19:30:56.580122",1335,1341,
"2018-09-24 19:35:56.641795",1335,1341,
"2018-09-24 19:40:56.690298",1335,1341,
"2018-09-24 19:45:56.737762",1335,1341,
"2018-09-24 19:50:56.825446",1335,1341,
"2018-09-24 19:55:56.056669",1335,1341,
"2018-09-24 20:00:56.188106",1335,1341,
"2018-09-24 20:05:56.217308",1335,1341,
"2018-09-24 20:10:56.285497",1335,1341,
"2018-09-24 20:15:56.330209",1335,1341,
"2018-09-24 20:20:56.570337",1335,1341,
"2018-09-24 20:25:56.624074",1335,1341,
"2018-09-24 20:30:56.671615",1335,1341,
"2018-09-24 20:35:56.721612",1335,1341,
"2018-09-24 20:40:56.772833",1335,1341,
"2018-09-24 20:45:56.868926",1335,1341,
"2018-09-24 20:50:56.959788",1334,1341,
"2018-09-24 20:55:56.079233",1334,1341,
"2018-09-24 21:00:56.127764",1335,1341,
"2018-09-24 21:05:56.174719",1335,1341,
"2018-09-24 21:10:56.262334",1334,1341,
"2018-09-24 21:15:56.358624",1334,1341,
"2018-09-24 21:20:56.583216",1335,1341,
"2018-09-24 21:25:56.637044",1335,1341,
"2018-09-24 21:30:56.708929",1335,1341,
"2018-09-24 21:35:56.778782",1335,1341,
"2018-09-24 21:40:56.857865",1335,1341,
"2018-09-24 21:45:56.914731",1334,1341,
"2018-09-24 21:50:56.009323",1334,1341,
"2018-09-24 21:55:56.059001",1334,1341,
"2018-09-24 22:00:56.120598",1334,1341,
"2018-09-24 22:05:56.184084",1334,1341,
"2018-09-24 22:10:56.277916",1334,1341,
"2018-09-24 22:15:56.361006",1334,1341,
"2018-09-24 22:20:56.531827",1334,1341,
"2018-09-24 22:25:56.570180",1334,1341,
"2018-09-24 22:30:56.630348",1334,1341,
"2018-09-24 22:35:56.650119",1334,1341,
"2018-09-24 22:40:56.681726",1334,1341,
"2018-09-24 22:45:56.744129",1334,1341,
"2018-09-24 22:50:56.823642",1334,1341,
"2018-09-24 22:55:56.836823",1334,1341,
"2018-09-24 23:00:56.945823",1334,1341,
"2018-09-24 23:05:55.938729",1334,1341,
"2018-09-24 23:10:56.007752",1334,1341,
"2018-09-24 23:15:56.060151",1334,1341,
"2018-09-24 23:20:56.282796",1334,1341,
"2018-09-24 23:25:56.366571",1334,1341,
"2018-09-24 23:30:56.408716",1334,1341,
"2018-09-24 23:35:56.424556",1334,1341,
"2018-09-24 23:40:56.440470",1334,1341,
"2018-09-24 23:45:56.520457",1334,1341,
"2018-09-24 23:50:56.546451",1334,1341,
"2018-09-24 23:55:56.562201",1334,1341,
"2018-09-25 00:00:56.602813",1334,1341,
"2018-09-25 00:05:56.692938",1334,1341,
"2018-09-25 00:10:56.755099",1334,1341,
"2018-09-25 00:15:56.873335",1334,1341,
"2018-09-25 00:20:56.070158",1334,1341,
"2018-09-25 00:25:56.133532",1334,1341,
"2018-09-25 00:30:56.216241",1334,1341,
"2018-09-25 00:35:56.276264",1334,1341,
"2018-09-25 00:40:56.353706",1335,1341,
"2018-09-25 00:45:56.370437",1335,1341,
"2018-09-25 00:50:56.448650",1335,1341,
"2018-09-25 00:55:56.525175",1335,1341,
"2018-09-25 01:00:56.576481",1335,1341,
"2018-09-25 01:05:56.634270",1335,1341,
"2018-09-25 01:10:56.696357",1335,1341,
"2018-09-25 01:15:56.725879",1335,1341,
"2018-09-25 01:20:56.974824",1335,1341,
"2018-09-25 01:25:56.038825",1335,1341,
"2018-09-25 01:30:56.102923",1335,1341,
"2018-09-25 01:35:56.171666",1335,1341,
"2018-09-25 01:40:56.251553",1335,1341,
"2018-09-25 01:45:56.308493",1335,1341,
"2018-09-25 01:50:56.428009",1335,1341,
"2018-09-25 01:55:56.491738",1335,1341,
"2018-09-25 02:00:56.589190",1335,1341,
"2018-09-25 02:05:56.666616",1335,1341,
"2018-09-25 02:10:56.734386",1335,1341,
"2018-09-25 02:15:56.804552",1335,1341,
"2018-09-25 02:20:55.995734",1335,1341,
"2018-09-25 02:25:56.063318",1335,1341,
"2018-09-25 02:30:56.159235",1335,1341,
"2018-09-25 02:35:56.228958",1335,1341,
"2018-09-25 02:40:56.291582",1335,1341,
"2018-09-25 02:45:56.314223",1335,1341,
"2018-09-25 02:50:56.356922",1335,1341,
"2018-09-25 02:55:56.395047",1335,1341,
"2018-09-25 03:00:56.456468",1335,1341,
"2018-09-25 03:05:56.573552",1335,1341,
"2018-09-25 03:10:56.655828",1335,1341,
"2018-09-25 03:15:56.780097",1335,1341,
"2018-09-25 03:20:56.023726",1335,1341,
"2018-09-25 03:25:56.108127",1335,1341,
"2018-09-25 03:30:56.143739",1335,1341,
"2018-09-25 03:35:56.212269",1335,1341,
"2018-09-25 03:40:56.261667",1335,1341,
"2018-09-25 03:45:56.332285",1335,1341,
"2018-09-25 03:50:56.422196",1332,1341,
"2018-09-25 03:55:56.518909",1332,1341,
"2018-09-25 04:00:56.603892",1332,1341,
"2018-09-25 04:05:56.780518",1332,1341,
"2018-09-25 04:10:56.845327",1332,1341,
"2018-09-25 04:15:56.875674",1332,1341,
"2018-09-25 04:20:56.095351",1332,1341,
"2018-09-25 04:25:56.106347",1332,1341,
"2018-09-25 04:30:56.186513",1332,1341,
"2018-09-25 04:35:56.265791",1332,1341,
"2018-09-25 04:40:56.332797",1332,1341,
"2018-09-25 04:45:56.361790",1331,1341,
"2018-09-25 04:50:56.445744",1332,1341,
"2018-09-25 04:55:56.524408",1332,1341,
"2018-09-25 05:00:56.599467",1332,1341,
"2018-09-25 05:05:56.624064",1332,1341,
"2018-09-25 05:10:56.677888",1332,1341,
"2018-09-25 05:15:56.680358",1332,1341,
"2018-09-25 05:20:56.913342",1332,1341,
"2018-09-25 05:25:55.995981",1332,1341,
"2018-09-25 05:30:56.090280",1332,1341,
"2018-09-25 05:35:56.116336",1332,1341,
"2018-09-25 05:40:56.145712",1332,1341,
"2018-09-25 05:45:56.200203",1332,1341,
"2018-09-25 05:50:56.244570",1332,1341,
"2018-09-25 05:55:56.329471",1332,1341,
"2018-09-25 06:00:56.449504",1332,1341,
"2018-09-25 06:05:56.505200",1332,1341,
"2018-09-25 06:10:56.579428",1332,1341,
"2018-09-25 06:15:56.612282",1332,1341,
"2018-09-25 06:20:56.790393",1332,1341,
"2018-09-25 06:25:57.380789",1332,1341,
"2018-09-25 06:30:56.454123",1332,1341,
"2018-09-25 06:35:56.507715",1333,1341,
"2018-09-25 06:40:56.605327",1333,1341,
"2018-09-25 06:45:56.635153",1333,1341,
"2018-09-25 06:50:56.719490",1333,1341,
"2018-09-25 06:55:56.772743",1333,1341,
"2018-09-25 07:00:56.820180",1333,1341,
"2018-09-25 07:05:56.910411",1333,1341,
"2018-09-25 07:10:55.976528",1333,1341,
"2018-09-25 07:15:56.021801",1333,1341,
"2018-09-25 07:20:56.246728",1333,1341,
"2018-09-25 07:25:56.318987",1333,1341,
"2018-09-25 07:30:56.375159",1333,1341,
"2018-09-25 07:35:56.452900",1333,1341,
"2018-09-25 07:40:56.590490",1333,1341,
"2018-09-25 07:45:56.615012",1333,1341,
"2018-09-25 07:50:56.687970",1333,1341,
"2018-09-25 07:55:56.785879",1333,1341,
"2018-09-25 08:00:56.837882",1333,1341,
"2018-09-25 08:05:56.890142",1333,1341,
"2018-09-25 08:10:56.946103",1333,1341,
"2018-09-25 08:15:56.025388",1333,1341,
"2018-09-25 08:20:56.198094",1333,1341,
"2018-09-25 08:25:56.237661",1333,1341,
"2018-09-25 08:30:56.315689",1333,1341,
"2018-09-25 08:35:56.425877",1333,1341,
"2018-09-25 08:40:56.444510",1333,1341,
"2018-09-25 08:45:56.507879",1333,1341,
"2018-09-25 08:50:56.555993",1333,1341,
"2018-09-25 08:55:56.650812",1333,1341,
"2018-09-25 09:00:56.732030",1333,1341,
"2018-09-25 09:05:56.792783",1333,1341,
"2018-09-25 09:10:56.846391",1334,1341,
"2018-09-25 09:15:56.940102",1334,1341,
"2018-09-25 09:20:56.179109",1334,1341,
"2018-09-25 09:25:56.206439",1334,1341,
"2018-09-25 09:30:56.224259",1334,1341,
"2018-09-25 09:35:56.282720",1334,1341,
"2018-09-25 09:40:56.400149",1334,1341,
"2018-09-25 09:45:56.461825",1334,1341,
"2018-09-25 09:50:56.492779",1334,1341,
"2018-09-25 09:55:56.571281",1334,1341,
"2018-09-25 10:00:56.637967",1334,1341,
"2018-09-25 10:05:56.719051",1334,1341,
"2018-09-25 10:10:56.795331",1334,1341,
"2018-09-25 10:15:56.866304",1334,1341,
"2018-09-25 10:20:56.085648",1334,1341,
"2018-09-25 10:25:56.188853",1335,1341,
"2018-09-25 10:30:56.262915",1335,1341,
"2018-09-25 10:35:56.346644",1335,1341,
"2018-09-25 10:40:56.468031",1335,1341,
"2018-09-25 10:45:56.542950",1335,1341,
"2018-09-25 10:50:56.604157",1335,1341,
"2018-09-25 10:55:56.635804",1335,1341,
"2018-09-25 11:00:56.765868",1335,1341,
"2018-09-25 11:05:56.849211",1335,1341,
"2018-09-25 11:10:56.960378",1335,1341,
"2018-09-25 11:15:55.986303",1335,1341,
"2018-09-25 11:20:56.245949",1335,1341,
"2018-09-25 11:25:56.330541",1335,1341,
"2018-09-25 11:30:56.396380",1335,1341,
"2018-09-25 11:35:56.480278",1335,1341,
"2018-09-25 11:40:56.539062",1335,1341,
"2018-09-25 11:45:56.574381",1335,1341,
"2018-09-25 11:50:56.656532",1335,1341,
"2018-09-25 11:55:56.723312",1335,1341,
"2018-09-25 12:00:56.819159",1335,1341,
"2018-09-25 12:05:56.901804",1335,1341,
"2018-09-25 12:10:55.984187",1335,1341,
"2018-09-25 12:15:56.061842",1335,1341,
"2018-09-25 12:20:56.296400",1335,1341,
"2018-09-25 12:25:56.376978",1335,1341,
"2018-09-25 12:30:56.398513",1335,1341,
"2018-09-25 12:35:56.435192",1335,1341,
"2018-09-25 12:40:56.481782",1335,1341,
"2018-09-25 12:45:56.550481",1335,1341,
"2018-09-25 12:50:56.612950",1335,1341,
"2018-09-25 12:55:56.652796",1335,1341,
"2018-09-25 13:00:56.710368",1335,1341,
"2018-09-25 13:05:56.786484",1335,1341,
"2018-09-25 13:10:56.964348",1335,1341,
"2018-09-25 13:15:56.010757",1335,1342,
"2018-09-25 13:20:56.201799",1335,1342,
"2018-09-25 13:25:56.268941",1335,1342,
"2018-09-25 13:30:56.366158",1335,1342,
"2018-09-25 13:35:56.443194",1335,1342,
"2018-09-25 13:40:56.495413",1335,1342,
"2018-09-25 13:45:56.532829",1335,1342,
"2018-09-25 13:50:56.613121",1335,1342,
"2018-09-25 13:55:56.689080",1335,1342,
"2018-09-25 14:00:56.790595",1335,1342,
"2018-09-25 14:05:56.818827",1335,1342,
"2018-09-25 14:10:56.918732",1335,1342,
"2018-09-25 14:15:56.006315",1335,1342,
"2018-09-25 14:20:56.190349",1335,1342,
"2018-09-25 14:25:56.238988",1335,1342,
"2018-09-25 14:30:56.345824",1335,1342,
"2018-09-25 14:35:56.412315",1335,1342,
"2018-09-25 14:40:56.481913",1335,1342,
"2018-09-25 14:45:56.535865",1335,1342,
"2018-09-25 14:50:56.613319",1335,1342,
"2018-09-25 14:55:56.658956",1336,1342,
"2018-09-25 15:00:56.750540",1336,1342,
"2018-09-25 15:05:56.873311",1336,1342,
"2018-09-25 15:10:56.936544",1337,1342,
"2018-09-25 15:15:55.935634",1337,1342,
"2018-09-25 15:20:56.184583",1337,1342,
"2018-09-25 15:25:56.284689",1337,1342,
"2018-09-25 15:30:56.334639",1337,1342,
"2018-09-25 15:35:56.371533",1337,1342,
"2018-09-25 15:40:56.404663",1337,1342,
"2018-09-25 15:45:56.458595",1337,1342,
"2018-09-25 15:50:56.526788",1337,1342,
"2018-09-25 15:55:56.576389",1337,1342,
"2018-09-25 16:00:56.614576",1338,1342,
"2018-09-25 16:05:56.663157",1338,1342,
"2018-09-25 16:10:56.711779",1338,1342,
"2018-09-25 16:15:56.753537",1338,1342,
"2018-09-25 16:20:55.963513",1338,1342,
"2018-09-25 16:25:56.031650",1338,1342,
"2018-09-25 16:30:56.061252",1338,1342,
"2018-09-25 16:35:56.131572",1338,1342,
"2018-09-25 16:40:56.153263",1338,1342,
"2018-09-25 16:45:56.230224",1338,1342,
"2018-09-25 16:50:56.267401",1338,1342,
"2018-09-25 16:55:56.311974",1338,1342,
"2018-09-25 17:00:56.390241",1338,1342,
"2018-09-25 17:05:56.450186",1338,1342,
"2018-09-25 17:10:56.544298",1338,1342,
"2018-09-25 17:15:56.608818",1338,1342,
"2018-09-25 17:20:56.834206",1338,1342,
"2018-09-25 17:25:56.889942",1338,1342,
"2018-09-25 17:30:56.943160",1338,1342,
"2018-09-25 17:35:56.017748",1338,1342,
"2018-09-25 17:40:56.063776",1338,1342,
"2018-09-25 17:45:56.145878",1337,1342,
"2018-09-25 17:50:56.181193",1336,1342,
"2018-09-25 17:55:56.277022",1336,1342,
"2018-09-25 18:00:56.317689",1336,1342,
"2018-09-25 18:05:56.482905",1335,1342,
"2018-09-25 18:10:56.570464",1335,1342,
"2018-09-25 18:15:56.652969",1335,1342,
"2018-09-25 18:20:56.867796",1335,1342,
"2018-09-25 18:25:56.947978",1335,1342,
"2018-09-25 18:30:56.088681",1334,1342,
"2018-09-25 18:35:56.165364",1334,1342,
"2018-09-25 18:40:56.247927",1334,1342,
"2018-09-25 18:45:56.327920",1334,1342,
"2018-09-25 18:50:56.413642",1334,1342,
"2018-09-25 18:55:56.436443",1334,1342,
"2018-09-25 19:00:56.537383",1334,1342,
"2018-09-25 19:05:56.559035",1334,1342,
"2018-09-25 19:10:56.624105",1334,1342,
"2018-09-25 19:15:56.662865",1333,1342,
"2018-09-25 19:20:56.900328",1333,1342,
"2018-09-25 19:25:55.953184",1333,1342,
"2018-09-25 19:30:56.045867",1333,1342,
"2018-09-25 19:35:56.134576",1333,1342,
"2018-09-25 19:40:56.219454",1333,1342,
"2018-09-25 19:45:56.287691",1333,1342,
"2018-09-25 19:50:56.336416",1333,1342,
"2018-09-25 19:55:56.406996",1333,1342,
"2018-09-25 20:00:56.486557",1333,1342,
"2018-09-25 20:05:56.590630",1333,1342,
"2018-09-25 20:10:56.684481",1333,1342,
"2018-09-25 20:15:56.776586",1332,1342,
"2018-09-25 20:20:56.011877",1332,1342,
"2018-09-25 20:25:56.078940",1332,1342,
"2018-09-25 20:30:56.140228",1332,1342,
"2018-09-25 20:35:56.216284",1332,1342,
"2018-09-25 20:40:56.362753",1332,1342,
"2018-09-25 20:45:56.376826",1332,1342,
"2018-09-25 20:50:56.440279",1332,1342,
"2018-09-25 20:55:56.480383",1332,1342,
"2018-09-25 21:00:56.545153",1332,1342,
"2018-09-25 21:05:56.641860",1332,1342,
"2018-09-25 21:10:56.725481",1332,1342,
"2018-09-25 21:15:56.768495",1332,1342,
"2018-09-25 21:20:55.982928",1332,1342,
"2018-09-25 21:25:56.023152",1332,1342,
"2018-09-25 21:30:56.067219",1332,1342,
"2018-09-25 21:35:56.117733",1332,1342,
"2018-09-25 21:40:56.174063",1332,1342,
"2018-09-25 21:45:56.244054",1332,1342,
"2018-09-25 21:50:56.310363",1332,1342,
"2018-09-25 21:55:56.364732",1332,1342,
"2018-09-25 22:00:56.420696",1332,1342,
"2018-09-25 22:05:56.505934",1332,1342,
"2018-09-25 22:10:56.543127",1332,1342,
"2018-09-25 22:15:56.626317",1332,1342,
"2018-09-25 22:20:56.797999",1332,1342,
"2018-09-25 22:25:56.830184",1332,1342,
"2018-09-25 22:30:56.956586",1332,1342,
"2018-09-25 22:35:56.014548",1332,1342,
"2018-09-25 22:40:56.031826",1332,1342,
"2018-09-25 22:45:56.104819",1332,1342,
"2018-09-25 22:50:56.148025",1332,1342,
"2018-09-25 22:55:56.153877",1332,1342,
"2018-09-25 23:00:56.218517",1331,1342,
"2018-09-25 23:05:56.300588",1331,1342,
"2018-09-25 23:10:56.327403",1331,1342,
"2018-09-25 23:15:56.387640",1331,1342,
"2018-09-25 23:20:56.589037",1331,1342,
"2018-09-25 23:25:56.635905",1331,1342,
"2018-09-25 23:30:56.663950",1331,1342,
"2018-09-25 23:35:56.691815",1331,1342,
"2018-09-25 23:40:56.745765",1331,1342,
"2018-09-25 23:45:56.824374",1331,1342,
"2018-09-25 23:50:56.879053",1331,1342,
"2018-09-25 23:55:56.909475",1331,1342,
"2018-09-26 00:00:56.007000",1331,1342,
"2018-09-26 00:05:56.093347",1331,1342,
"2018-09-26 00:10:56.189436",1331,1342,
"2018-09-26 00:15:56.344140",1331,1342,
"2018-09-26 00:20:56.564757",1331,1342,
"2018-09-26 00:25:56.633135",1331,1342,
"2018-09-26 00:30:56.684147",1331,1342,
"2018-09-26 00:35:56.748133",1331,1342,
"2018-09-26 00:40:56.792725",1331,1342,
"2018-09-26 00:45:56.878218",1331,1342,
"2018-09-26 00:50:56.928985",1331,1342,
"2018-09-26 00:55:55.951793",1331,1342,
"2018-09-26 01:00:56.026181",1331,1342,
"2018-09-26 01:05:56.145406",1331,1342,
"2018-09-26 01:10:56.198145",1331,1342,
"2018-09-26 01:15:56.304640",1331,1342,
"2018-09-26 01:20:56.547994",1331,1342,
"2018-09-26 01:25:56.640102",1331,1342,
"2018-09-26 01:30:56.697797",1331,1342,
"2018-09-26 01:35:56.748677",1331,1342,
"2018-09-26 01:40:56.835791",1331,1342,
"2018-09-26 01:45:56.876288",1331,1342,
"2018-09-26 01:50:56.984291",1331,1342,
"2018-09-26 01:55:56.011672",1331,1342,
"2018-09-26 02:00:56.080359",1331,1342,
"2018-09-26 02:05:56.103965",1331,1342,
"2018-09-26 02:10:56.185409",1331,1342,
"2018-09-26 02:15:56.316440",1331,1342,
"2018-09-26 02:20:56.535498",1331,1342,
"2018-09-26 02:25:56.642312",1331,1342,
"2018-09-26 02:30:56.738066",1331,1342,
"2018-09-26 02:35:56.814310",1331,1342,
"2018-09-26 02:40:56.830085",1331,1342,
"2018-09-26 02:45:56.927474",1331,1342,
"2018-09-26 02:50:56.000513",1331,1342,
"2018-09-26 02:55:56.046165",1331,1342,
"2018-09-26 03:00:56.053180",1331,1342,
"2018-09-26 03:05:56.124036",1331,1342,
"2018-09-26 03:10:56.198891",1331,1342,
"2018-09-26 03:15:56.256528",1331,1342,
"2018-09-26 03:20:56.470345",1331,1342,
"2018-09-26 03:25:56.540296",1331,1342,
"2018-09-26 03:30:56.565261",1331,1342,
"2018-09-26 03:35:56.710508",1331,1342,
"2018-09-26 03:40:56.821267",1331,1342,
"2018-09-26 03:45:56.838481",1331,1342,
"2018-09-26 03:50:56.929093",1331,1342,
"2018-09-26 03:55:55.982185",1331,1342,
"2018-09-26 04:00:56.045705",1331,1342,
"2018-09-26 04:05:56.160766",1331,1342,
"2018-09-26 04:10:56.222800",1331,1342,
"2018-09-26 04:15:56.255704",1331,1342,
"2018-09-26 04:20:56.410159",1331,1342,
"2018-09-26 04:25:56.429549",1331,1342,
"2018-09-26 04:30:56.515827",1331,1342,
"2018-09-26 04:35:56.594375",1331,1342,
"2018-09-26 04:40:56.657957",1331,1342,
"2018-09-26 04:45:56.668919",1331,1342,
"2018-09-26 04:50:56.744352",1331,1342,
"2018-09-26 04:55:56.787726",1331,1343,
"2018-09-26 05:00:56.861644",1331,1342,
"2018-09-26 05:05:56.935445",1331,1342,
"2018-09-26 05:10:56.016375",1331,1343,
"2018-09-26 05:15:56.107975",1331,1342,
"2018-09-26 05:20:56.345286",1331,1342,
"2018-09-26 05:25:56.396437",1331,1342,
"2018-09-26 05:30:56.435940",1331,1342,
"2018-09-26 05:35:56.510022",1331,1342,
"2018-09-26 05:40:56.574728",1331,1343,
"2018-09-26 05:45:56.646846",1331,1343,
"2018-09-26 05:50:56.677264",1331,1343,
"2018-09-26 05:55:56.745837",1331,1343,
"2018-09-26 06:00:56.808936",1331,1342,
"2018-09-26 06:05:56.849046",1331,1343,
"2018-09-26 06:10:56.922897",1331,1343,
"2018-09-26 06:15:55.973269",1331,1343,
"2018-09-26 06:20:56.210540",1331,1343,
"2018-09-26 06:25:56.805680",1331,1343,
"2018-09-26 06:30:56.881756",1331,1343,
"2018-09-26 06:35:56.914330",1331,1343,
"2018-09-26 06:40:55.948795",1331,1343,
"2018-09-26 06:45:56.030458",1331,1343,
"2018-09-26 06:50:56.057795",1331,1343,
"2018-09-26 06:55:56.102844",1331,1343,
"2018-09-26 07:00:56.171648",1331,1343,
"2018-09-26 07:05:56.234970",1331,1343,
"2018-09-26 07:10:56.363714",1331,1343,
"2018-09-26 07:15:56.442256",1331,1343,
"2018-09-26 07:20:56.643605",1331,1343,
"2018-09-26 07:25:56.766963",1331,1343,
"2018-09-26 07:30:56.849019",1331,1343,
"2018-09-26 07:35:56.916862",1331,1343,
"2018-09-26 07:40:56.009147",1331,1343,
"2018-09-26 07:45:56.081725",1331,1343,
"2018-09-26 07:50:56.106326",1331,1343,
"2018-09-26 07:55:56.247005",1331,1343,
"2018-09-26 08:00:56.326420",1331,1343,
"2018-09-26 08:05:56.429937",1331,1343,
"2018-09-26 08:10:56.525897",1331,1343,
"2018-09-26 08:15:56.565807",1331,1343,
"2018-09-26 08:20:56.880277",1331,1343,
"2018-09-26 08:25:56.990654",1331,1343,
"2018-09-26 08:30:56.070694",1331,1343,
"2018-09-26 08:35:56.137824",1331,1343,
"2018-09-26 08:40:56.175122",1332,1343,
"2018-09-26 08:45:56.174305",1332,1343,
"2018-09-26 08:50:56.231687",1331,1343,
"2018-09-26 08:55:56.311796",1332,1343,
"2018-09-26 09:00:56.406770",1331,1343,
"2018-09-26 09:05:56.482329",1331,1343,
"2018-09-26 09:10:56.553545",1331,1343,
"2018-09-26 09:15:56.617791",1331,1343,
"2018-09-26 09:20:56.864498",1332,1343,
"2018-09-26 09:25:56.911619",1332,1343,
"2018-09-26 09:30:55.920279",1332,1343,
"2018-09-26 09:35:55.953989",1332,1343,
"2018-09-26 09:40:56.018797",1332,1343,
"2018-09-26 09:45:56.110071",1332,1343,
"2018-09-26 09:50:56.152819",1332,1343,
"2018-09-26 09:55:56.196709",1332,1343,
"2018-09-26 10:00:56.253786",1332,1343,
"2018-09-26 10:05:56.321208",1332,1343,
"2018-09-26 10:10:56.402787",1332,1343,
"2018-09-26 10:15:56.503859",1332,1343,
"2018-09-26 10:20:56.834610",1332,1343,
"2018-09-26 10:25:56.888784",1332,1343,
"2018-09-26 10:30:56.993331",1332,1343,
"2018-09-26 10:35:56.075762",1332,1343,
"2018-09-26 10:40:56.151806",1332,1343,
"2018-09-26 10:45:56.251265",1332,1343,
"2018-09-26 10:50:56.266826",1332,1343,
"2018-09-26 10:55:56.332839",1332,1344,
"2018-09-26 11:00:56.407668",1332,1344,
"2018-09-26 11:05:56.476963",1332,1344,
"2018-09-26 11:10:56.513967",1332,1344,
"2018-09-26 11:15:56.596579",1332,1344,
"2018-09-26 11:20:56.790218",1332,1344,
"2018-09-26 11:25:56.860499",1332,1344,
"2018-09-26 11:30:56.886786",1332,1344,
"2018-09-26 11:35:56.909315",1332,1344,
"2018-09-26 11:40:55.974781",1332,1344,
"2018-09-26 11:45:55.996396",1332,1344,
"2018-09-26 11:50:56.059406",1332,1344,
"2018-09-26 11:55:56.163184",1332,1344,
"2018-09-26 12:00:56.234020",1332,1344,
"2018-09-26 12:05:56.325815",1332,1344,
"2018-09-26 12:10:56.463713",1332,1344,
"2018-09-26 12:15:56.541653",1332,1344,
"2018-09-26 12:20:56.821963",1332,1344,
"2018-09-26 12:25:56.874785",1332,1344,
"2018-09-26 12:30:56.902826",1332,1344,
"2018-09-26 12:35:55.944936",1332,1344,
"2018-09-26 12:40:56.019065",1332,1344,
"2018-09-26 12:45:56.042068",1332,1344,
"2018-09-26 12:50:56.135533",1332,1344,
"2018-09-26 12:55:56.194189",1332,1344,
"2018-09-26 13:00:56.270469",1332,1344,
"2018-09-26 13:05:56.351965",1332,1344,
"2018-09-26 13:10:56.417095",1332,1344,
"2018-09-26 13:15:56.463905",1332,1344,
"2018-09-26 13:20:56.693543",1332,1344,
"2018-09-26 13:25:56.739510",1332,1344,
"2018-09-26 13:30:56.781753",1332,1344,
"2018-09-26 13:35:56.865447",1332,1344,
"2018-09-26 13:40:56.907843",1332,1344,
"2018-09-26 13:45:55.969421",1332,1345,
"2018-09-26 13:50:56.014584",1332,1345,
"2018-09-26 13:55:56.057992",1333,1345,
"2018-09-26 14:00:56.131594",1333,1345,
"2018-09-26 14:05:56.205468",1333,1345,
"2018-09-26 14:10:56.294308",1333,1345,
"2018-09-26 14:15:56.380984",1333,1345,
"2018-09-26 14:20:56.614186",1333,1345,
"2018-09-26 14:25:56.744810",1333,1345,
"2018-09-26 14:30:56.785312",1333,1345,
"2018-09-26 14:35:56.870605",1333,1345,
"2018-09-26 14:40:56.888645",1333,1345,
"2018-09-26 14:45:56.967862",1333,1345,
"2018-09-26 14:50:56.120597",1333,1345,
"2018-09-26 14:55:56.145695",1333,1345,
"2018-09-26 15:00:56.200414",1333,1345,
"2018-09-26 15:05:56.288126",1333,1345,
"2018-09-26 15:10:56.346389",1333,1345,
"2018-09-26 15:15:56.400804",1333,1345,
"2018-09-26 15:20:56.625975",1333,1345,
"2018-09-26 15:25:56.718052",1333,1345,
"2018-09-26 15:30:56.796665",1333,1345,
"2018-09-26 15:35:56.861667",1333,1345,
"2018-09-26 15:40:56.936403",1333,1345,
"2018-09-26 15:45:56.028248",1333,1345,
"2018-09-26 15:50:56.077723",1333,1345,
"2018-09-26 15:55:56.141746",1333,1345,
"2018-09-26 16:00:56.224713",1333,1345,
"2018-09-26 16:05:56.305394",1333,1345,
"2018-09-26 16:10:56.390059",1333,1345,
"2018-09-26 16:15:56.450360",1333,1345,
"2018-09-26 16:20:56.759405",1333,1345,
"2018-09-26 16:25:56.857377",1333,1345,
"2018-09-26 16:30:56.946535",1333,1345,
"2018-09-26 16:35:56.015755",1333,1345,
"2018-09-26 16:40:56.078927",1333,1345,
"2018-09-26 16:45:56.125301",1333,1345,
"2018-09-26 16:50:56.255993",1333,1345,
"2018-09-26 16:55:56.275600",1333,1345,
"2018-09-26 17:00:56.327629",1333,1345,
"2018-09-26 17:05:56.381599",1333,1345,
"2018-09-26 17:10:56.463076",1333,1345,
"2018-09-26 17:15:56.564579",1333,1345,
"2018-09-26 17:20:56.815836",1333,1345,
"2018-09-26 17:25:56.891645",1333,1345,
"2018-09-26 17:30:56.928911",1333,1346,
"2018-09-26 17:35:56.014590",1333,1345,
"2018-09-26 17:40:56.090465",1333,1345,
"2018-09-26 17:45:56.152173",1333,1345,
"2018-09-26 17:50:56.208904",1333,1346,
"2018-09-26 17:55:56.256027",1333,1346,
"2018-09-26 18:00:56.330372",1333,1346,
"2018-09-26 18:05:56.443208",1333,1346,
"2018-09-26 18:10:56.510286",1333,1346,
"2018-09-26 18:15:56.575214",1333,1346,
"2018-09-26 18:20:56.793251",1334,1346,
"2018-09-26 18:25:56.950289",1334,1346,
"2018-09-26 18:30:56.035836",1334,1346,
"2018-09-26 18:35:56.083890",1334,1346,
"2018-09-26 18:40:56.165798",1334,1346,
"2018-09-26 18:45:56.198769",1334,1346,
"2018-09-26 18:50:56.295807",1334,1346,
"2018-09-26 18:55:56.369071",1334,1346,
"2018-09-26 19:00:56.395611",1334,1346,
"2018-09-26 19:05:56.476955",1334,1346,
"2018-09-26 19:10:56.550665",1334,1346,
"2018-09-26 19:15:56.634210",1335,1346,
"2018-09-26 19:20:56.880339",1335,1346,
"2018-09-26 19:25:57.011496",1335,1346,
"2018-09-26 19:30:56.121332",1335,1346,
"2018-09-26 19:35:56.148081",1335,1346,
"2018-09-26 19:40:56.237052",1335,1346,
"2018-09-26 19:45:56.307862",1335,1346,
"2018-09-26 19:50:56.358812",1335,1346,
"2018-09-26 19:55:56.456511",1334,1346,
"2018-09-26 20:00:56.497742",1334,1345,
"2018-09-26 20:05:56.558778",1334,1345,
"2018-09-26 20:10:56.612869",1334,1345,
"2018-09-26 20:15:56.654470",1334,1345,
"2018-09-26 20:20:56.853323",1334,1345,
"2018-09-26 20:25:56.901009",1334,1345,
"2018-09-26 20:30:55.977701",1334,1345,
"2018-09-26 20:35:56.001562",1334,1345,
"2018-09-26 20:40:56.076598",1334,1345,
"2018-09-26 20:45:56.108712",1334,1345,
"2018-09-26 20:50:56.232072",1334,1345,
"2018-09-26 20:55:56.272919",1334,1345,
"2018-09-26 21:00:56.301541",1334,1345,
"2018-09-26 21:05:56.402256",1335,1345,
"2018-09-26 21:10:56.488828",1335,1345,
"2018-09-26 21:15:56.653608",1335,1345,
"2018-09-26 21:20:56.896411",1335,1345,
"2018-09-26 21:25:56.042850",1335,1345,
"2018-09-26 21:30:56.083149",1335,1345,
"2018-09-26 21:35:56.145150",1335,1345,
"2018-09-26 21:40:56.215807",1335,1345,
"2018-09-26 21:45:56.244505",1335,1345,
"2018-09-26 21:50:56.374852",1335,1345,
"2018-09-26 21:55:56.422908",1335,1345,
"2018-09-26 22:00:56.442822",1335,1345,
"2018-09-26 22:05:56.489401",1335,1345,
"2018-09-26 22:10:56.545461",1335,1345,
"2018-09-26 22:15:56.601533",1335,1345,
"2018-09-26 22:20:56.777730",1335,1345,
"2018-09-26 22:25:56.823058",1335,1345,
"2018-09-26 22:30:56.876467",1335,1345,
"2018-09-26 22:35:56.936373",1335,1345,
"2018-09-26 22:40:55.971035",1335,1345,
"2018-09-26 22:45:56.026570",1335,1345,
"2018-09-26 22:50:56.042180",1335,1345,
"2018-09-26 22:55:56.065313",1335,1345,
"2018-09-26 23:00:56.160415",1335,1345,
"2018-09-26 23:05:56.246070",1335,1345,
"2018-09-26 23:10:56.301571",1335,1345,
"2018-09-26 23:15:56.408800",1335,1345,
"2018-09-26 23:20:56.626041",1335,1345,
"2018-09-26 23:25:56.688736",1335,1345,
"2018-09-26 23:30:56.714415",1335,1345,
"2018-09-26 23:35:56.796540",1335,1345,
"2018-09-26 23:40:56.844069",1335,1345,
"2018-09-26 23:45:56.833034",1335,1345,
"2018-09-26 23:50:56.850299",1335,1345,
"2018-09-26 23:55:56.917611",1335,1345,
"2018-09-27 00:00:55.995337",1335,1345,
"2018-09-27 00:05:56.034603",1335,1345,
"2018-09-27 00:10:56.066133",1335,1345,
"2018-09-27 00:15:56.146529",1335,1345,
"2018-09-27 00:20:56.390366",1335,1345,
"2018-09-27 00:25:56.495808",1335,1345,
"2018-09-27 00:30:56.582013",1335,1345,
"2018-09-27 00:35:56.657781",1335,1345,
"2018-09-27 00:40:56.722901",1335,1345,
"2018-09-27 00:45:56.793055",1335,1345,
"2018-09-27 00:50:56.855737",1335,1345,
"2018-09-27 00:55:56.894892",1335,1345,
"2018-09-27 01:00:55.974857",1335,1345,
"2018-09-27 01:05:56.000145",1335,1345,
"2018-09-27 01:10:56.070271",1335,1345,
"2018-09-27 01:15:56.173440",1335,1345,
"2018-09-27 01:20:56.397756",1335,1345,
"2018-09-27 01:25:56.437848",1335,1345,
"2018-09-27 01:30:56.481719",1335,1345,
"2018-09-27 01:35:56.541651",1335,1345,
"2018-09-27 01:40:56.605340",1335,1345,
"2018-09-27 01:45:56.650400",1335,1345,
"2018-09-27 01:50:56.721589",1335,1345,
"2018-09-27 01:55:56.742173",1335,1345,
"2018-09-27 02:00:56.778137",1335,1345,
"2018-09-27 02:05:56.848882",1335,1345,
"2018-09-27 02:10:56.885347",1335,1345,
"2018-09-27 02:15:56.955274",1335,1345,
"2018-09-27 02:20:56.231801",1335,1345,
"2018-09-27 02:25:56.283435",1335,1345,
"2018-09-27 02:30:56.296985",1335,1345,
"2018-09-27 02:35:56.325885",1335,1345,
"2018-09-27 02:40:56.392981",1335,1345,
"2018-09-27 02:45:56.469999",1335,1345,
"2018-09-27 02:50:56.554277",1335,1345,
"2018-09-27 02:55:56.633171",1335,1345,
"2018-09-27 03:00:56.713080",1335,1345,
"2018-09-27 03:05:56.740125",1335,1345,
"2018-09-27 03:10:56.805678",1335,1345,
"2018-09-27 03:15:56.831108",1335,1345,
"2018-09-27 03:20:56.068153",1335,1345,
"2018-09-27 03:25:56.173232",1335,1345,
"2018-09-27 03:30:56.255522",1335,1345,
"2018-09-27 03:35:56.302807",1335,1345,
"2018-09-27 03:40:56.365194",1335,1345,
"2018-09-27 03:45:56.392711",1335,1345,
"2018-09-27 03:50:56.426436",1335,1345,
"2018-09-27 03:55:56.490323",1335,1345,
"2018-09-27 04:00:56.591515",1335,1345,
"2018-09-27 04:05:56.653987",1335,1345,
"2018-09-27 04:10:56.756088",1335,1345,
"2018-09-27 04:15:56.832254",1335,1345,
"2018-09-27 04:20:56.067724",1335,1345,
"2018-09-27 04:25:56.106193",1336,1345,
"2018-09-27 04:30:56.191741",1336,1345,
"2018-09-27 04:35:56.251735",1336,1345,
"2018-09-27 04:40:56.251797",1336,1345,
"2018-09-27 04:45:56.324428",1336,1345,
"2018-09-27 04:50:56.360160",1336,1345,
"2018-09-27 04:55:56.420139",1336,1345,
"2018-09-27 05:00:56.462786",1336,1345,
"2018-09-27 05:05:56.508118",1336,1345,
"2018-09-27 05:10:56.581778",1336,1345,
"2018-09-27 05:15:56.631755",1336,1345,
"2018-09-27 05:20:56.861683",1336,1345,
"2018-09-27 05:25:56.912891",1336,1345,
"2018-09-27 05:30:55.993583",1336,1345,
"2018-09-27 05:35:56.047790",1336,1345,
"2018-09-27 05:40:56.124227",1336,1345,
"2018-09-27 05:45:56.175428",1336,1345,
"2018-09-27 05:50:56.214137",1336,1345,
"2018-09-27 05:55:56.289104",1336,1345,
"2018-09-27 06:00:56.366973",1336,1345,
"2018-09-27 06:05:56.391536",1336,1345,
"2018-09-27 06:10:56.459083",1336,1345,
"2018-09-27 06:15:56.470126",1336,1345,
"2018-09-27 06:20:56.701571",1336,1345,
"2018-09-27 06:25:57.266068",1336,1345,
"2018-09-27 06:30:56.378595",1336,1345,
"2018-09-27 06:35:56.461795",1336,1345,
"2018-09-27 06:40:56.958939",1336,1345,
"2018-09-27 06:45:56.047863",1336,1345,
"2018-09-27 06:50:56.032981",1336,1345,
"2018-09-27 06:55:56.120556",1336,1345,
"2018-09-27 07:00:56.243073",1336,1345,
"2018-09-27 07:05:56.287321",1336,1345,
"2018-09-27 07:10:56.330150",1336,1345,
"2018-09-27 07:15:56.380609",1336,1344,
"2018-09-27 07:20:56.561716",1336,1344,
"2018-09-27 07:25:56.628752",1336,1344,
"2018-09-27 07:30:56.657921",1336,1344,
"2018-09-27 07:35:56.686824",1336,1344,
"2018-09-27 07:40:56.761811",1336,1344,
"2018-09-27 07:45:56.821568",1336,1344,
"2018-09-27 07:50:56.886477",1336,1344,
"2018-09-27 07:55:56.974462",1336,1344,
"2018-09-27 08:00:56.077874",1336,1344,
"2018-09-27 08:05:56.109092",1336,1344,
"2018-09-27 08:10:56.188889",1336,1344,
"2018-09-27 08:15:56.266945",1336,1344,
"2018-09-27 08:20:56.538222",1336,1344,
"2018-09-27 08:25:56.605398",1336,1344,
"2018-09-27 08:30:56.694647",1336,1344,
"2018-09-27 08:35:56.720160",1336,1344,
"2018-09-27 08:40:56.772800",1336,1344,
"2018-09-27 08:45:56.807338",1336,1344,
"2018-09-27 08:50:56.842148",1336,1344,
"2018-09-27 08:55:56.917570",1336,1344,
"2018-09-27 09:00:55.910200",1336,1344,
"2018-09-27 09:05:55.958801",1336,1344,
"2018-09-27 09:10:56.028949",1336,1344,
"2018-09-27 09:15:56.105942",1336,1344,
"2018-09-27 09:20:56.326456",1336,1344,
"2018-09-27 09:25:56.388685",1336,1344,
"2018-09-27 09:30:56.492937",1336,1344,
"2018-09-27 09:35:56.515865",1336,1344,
"2018-09-27 09:40:56.567899",1336,1344,
"2018-09-27 09:45:56.630201",1336,1344,
"2018-09-27 09:50:56.718776",1337,1344,
"2018-09-27 09:55:56.727683",1337,1344,
"2018-09-27 10:00:56.740519",1337,1344,
"2018-09-27 10:05:56.806536",1337,1344,
"2018-09-27 10:10:56.886392",1338,1344,
"2018-09-27 10:15:56.956922",1338,1344,
"2018-09-27 10:20:56.207409",1338,1344,
"2018-09-27 10:25:56.266347",1338,1344,
"2018-09-27 10:30:56.414187",1338,1344,
"2018-09-27 10:35:56.449043",1338,1344,
"2018-09-27 10:40:56.462225",1338,1344,
"2018-09-27 10:45:56.540516",1338,1344,
"2018-09-27 10:50:56.606178",1339,1344,
"2018-09-27 10:55:56.633053",1339,1344,
"2018-09-27 11:00:56.678809",1339,1344,
"2018-09-27 11:05:56.709832",1339,1344,
"2018-09-27 11:10:56.750247",1339,1344,
"2018-09-27 11:15:56.817559",1339,1344,
"2018-09-27 11:20:56.101760",1339,1344,
"2018-09-27 11:25:56.214540",1339,1344,
"2018-09-27 11:30:56.306667",1339,1344,
"2018-09-27 11:35:56.342807",1339,1344,
"2018-09-27 11:40:56.387903",1339,1344,
"2018-09-27 11:45:56.471812",1339,1344,
"2018-09-27 11:50:56.530347",1339,1344,
"2018-09-27 11:55:56.593062",1339,1344,
"2018-09-27 12:00:56.620129",1339,1344,
"2018-09-27 12:05:56.685428",1339,1344,
"2018-09-27 12:10:56.767010",1339,1344,
"2018-09-27 12:15:56.808927",1340,1344,
"2018-09-27 12:20:55.990317",1339,1344,
"2018-09-27 12:25:56.072273",1339,1344,
"2018-09-27 12:30:56.167467",1340,1344,
"2018-09-27 12:35:56.255681",1340,1344,
"2018-09-27 12:40:56.335502",1339,1344,
"2018-09-27 12:45:56.400116",1340,1344,
"2018-09-27 12:50:56.421772",1340,1344,
"2018-09-27 12:55:56.486839",1340,1344,
"2018-09-27 13:00:56.563933",1340,1344,
"2018-09-27 13:05:56.636356",1340,1344,
"2018-09-27 13:10:56.676038",1340,1344,
"2018-09-27 13:15:56.684547",1340,1344,
"2018-09-27 13:20:56.882749",1340,1344,
"2018-09-27 13:25:56.960423",1340,1344,
"2018-09-27 13:30:56.040451",1340,1344,
"2018-09-27 13:35:56.078509",1340,1344,
"2018-09-27 13:40:56.096812",1340,1344,
"2018-09-27 13:45:56.155965",1340,1344,
"2018-09-27 13:50:56.193611",1340,1344,
"2018-09-27 13:55:56.247614",1340,1344,
"2018-09-27 14:00:56.335872",1340,1344,
"2018-09-27 14:05:56.406394",1340,1344,
"2018-09-27 14:10:56.476374",1340,1344,
"2018-09-27 14:15:56.557975",1340,1344,
"2018-09-27 14:20:56.791143",1340,1344,
"2018-09-27 14:25:56.901977",1340,1344,
"2018-09-27 14:30:55.965688",1340,1344,
"2018-09-27 14:35:56.008905",1340,1344,
"2018-09-27 14:40:56.052840",1340,1344,
"2018-09-27 14:45:56.204303",1341,1344,
"2018-09-27 14:50:56.281765",1341,1344,
"2018-09-27 14:55:56.313665",1341,1344,
"2018-09-27 15:00:56.370214",1341,1344,
"2018-09-27 15:05:56.450212",1341,1344,
"2018-09-27 15:10:56.490614",1341,1344,
"2018-09-27 15:15:56.619542",1340,1344,
"2018-09-27 15:20:56.832917",1340,1344,
"2018-09-27 15:25:56.918236",1341,1344,
"2018-09-27 15:30:56.011766",1340,1344,
"2018-09-27 15:35:56.085411",1340,1344,
"2018-09-27 15:40:56.160332",1340,1344,
"2018-09-27 15:45:56.245781",1340,1344,
"2018-09-27 15:50:56.304096",1341,1344,
"2018-09-27 15:55:56.333160",1341,1344,
"2018-09-27 16:00:56.360132",1341,1344,
"2018-09-27 16:05:56.481892",1341,1344,
"2018-09-27 16:10:56.546532",1341,1344,
"2018-09-27 16:15:56.600398",1341,1344,
"2018-09-27 16:20:56.807913",1341,1344,
"2018-09-27 16:25:56.893156",1341,1344,
"2018-09-27 16:30:57.003289",1341,1344,
"2018-09-27 16:35:56.096421",1341,1344,
"2018-09-27 16:40:56.106310",1341,1344,
